Feature_name,Feature_Scores
protime,130.1833246
sgot,47.38820795
bilirubin,30.10247172
age,28.47481919
alk_phosphate,17.88270548
albumin,6.873186059
spiders,3.189408039
histology,3.018546748
malaise,2.468032035
fatigue,2.346432341
ascites,2.096399535
varices,1.128121757
liver_firm,0.986709501
spleen_palpable,0.745351551
steroid,0.399512896
sex,0.389483193
liver_big,0.316982091
anorexia,0.196480647
antivirals,0.186341606